"month","mean_temp","sd_temp","min_temp","max_temp","geom","source"
"Nov",6.77649095943605,3.78172500832338,-4.88,16.9,c(472670.743476672, 472823.737372669, 474363.737709064, 474512.884417795, 475267.899293407, 475770.822365058, 476022.772453864, 476095.56534935, 476499.769754553, 476750.398339663, 476871.189409234, 477148.197071185, 477173.671907265, 477217.418273669, 477272.330116184, 477337.045554031, 477338.966084946, 477497.042537862, 477729.479151011, 477729.944646725, 477752.801136545, 478279.081688687, 478481.210428712, 478648.37068575, 478670.115745305, 480010.070075095, 480274.089386872, 481354.560217236, 
481860.217357035, 481960.03087413, 483875.559834168, 5474361.90322742, 5474019.18671397, 5472020.45892774, 5474988.30666759, 5472122.66800826, 5472252.21949366, 5472026.50128704, 5472164.24525006, 5472048.57469201, 5472669.77046584, 5474082.43258686, 5474547.51291311, 5472197.82220929, 5470830.34022608, 5472711.0273794, 5475202.5693355, 5469073.31235585, 5472444.43404787, 5473179.253705, 5473075.85602943, 5472981.09153026, 5473078.65012426, 5469076.18148688, 5473228.00355323, 5473242.34656641, 5471775.93010885, 
5472374.42422034, 5467612.73367797, 5474249.69456319, 5477810.82725446, 5472353.3708131),"sensor_data_20230111_30days.gpkg"
